1,-1,-1,The Lion King,4
2,-1,-1,The Lion King,Not Seen
3,-1,-1,The Lion King,Not Seen
4,-1,-1,The Lion King,5 (Best)
5,-1,-1,The Lion King,3
6,-1,-1,The Lion King,5 (Best)
7,-1,-1,The Lion King,Not Seen
8,-1,-1,The Lion King,4
9,-1,-1,The Lion King,4
10,-1,-1,The Lion King,4
11,-1,-1,The Lion King,2
12,-1,-1,The Lion King,4
13,-1,-1,The Lion King,3
14,-1,-1,The Lion King,Not Seen
15,-1,-1,The Lion King,4
16,-1,-1,The Lion King,5 (Best)
17,-1,-1,The Lion King,Not Seen
18,-1,-1,The Lion King,5 (Best)
19,-1,-1,The Lion King,5 (Best)
20,-1,-1,The Lion King,5 (Best)
21,-1,-1,The Lion King,3
22,31,Female,The Lion King,4
23,23,Female,The Lion King,4
24,27,Female,The Lion King,4
25,23,Female,The Lion King,4
26,24,Female,The Lion King,Not Seen
27,22,Female,The Lion King,Not Seen
28,23,Female,The Lion King,4
29,54,Male,The Lion King,Not Seen
30,26,Female,The Lion King,5 (Best)
31,24,Female,The Lion King,Not Seen
32,26,Male,The Lion King,Not Seen
33,26,Male,The Lion King,Not Seen
34,21,Female,The Lion King,Not Seen
35,25,Male,The Lion King,Not Seen
36,30,Male,The Lion King,5 (Best)
37,55,Female,The Lion King,5 (Best)
38,26,Male,The Lion King,Not Seen
39,26,Female,The Lion King,4
40,22,Male,The Lion King,Not Seen
41,32,Female,The Lion King,4
42,23,Female,The Lion King,3
43,27,Male,The Lion King,Not Seen
44,34,Female,The Lion King,5 (Best)
45,41,Female,The Lion King,5 (Best)
46,62,Female,The Lion King,3
47,36,Female,The Lion King,5 (Best)
48,42,Female,The Lion King,4
49,28,Female,The Lion King,5 (Best)
50,39,Female,The Lion King,2
51,27,Male,The Lion King,4
52,21,Female,The Lion King,Not Seen
53,31,Female,The Lion King,5 (Best)
54,27,Male,The Lion King,5 (Best)
55,26,Female,The Lion King,5 (Best)
56,30,Male,The Lion King,3
57,24,Female,The Lion King,5 (Best)
58,51,Male,The Lion King,Not Seen
59,28,Male,The Lion King,4
60,42,Male,The Lion King,3
61,28,Male,The Lion King,Not Seen
62,38,Female,The Lion King,3
63,-1,Male,The Lion King,1 (Worst)
64,27,Male,The Lion King,Not Seen
65,32,Female,The Lion King,4
66,27,Female,The Lion King,5 (Best)
67,30,Female,The Lion King,5 (Best)
68,28,Male,The Lion King,4
69,58,Female,The Lion King,3
70,44,Male,The Lion King,3
71,33,Male,The Lion King,4
72,23,Male,The Lion King,5 (Best)
73,30,Female,The Lion King,Not Seen
74,24,Female,The Lion King,3
75,23,Female,The Lion King,4
76,20,Female,The Lion King,3
77,-1,Male,The Lion King,Not Seen
78,27,Male,The Lion King,5 (Best)
79,27,Female,The Lion King,5 (Best)
80,29,Male,The Lion King,3
81,43,Male,The Lion King,4
82,28,Female,The Lion King,5 (Best)
83,24,Female,The Lion King,4
84,23,Male,The Lion King,5 (Best)
1,-1,-1,Avengers: Endgame,5 (Best)
2,-1,-1,Avengers: Endgame,Not Seen
3,-1,-1,Avengers: Endgame,Not Seen
4,-1,-1,Avengers: Endgame,5 (Best)
5,-1,-1,Avengers: Endgame,4
6,-1,-1,Avengers: Endgame,Not Seen
7,-1,-1,Avengers: Endgame,5 (Best)
8,-1,-1,Avengers: Endgame,4
9,-1,-1,Avengers: Endgame,5 (Best)
10,-1,-1,Avengers: Endgame,Not Seen
11,-1,-1,Avengers: Endgame,3
12,-1,-1,Avengers: Endgame,4
13,-1,-1,Avengers: Endgame,Not Seen
14,-1,-1,Avengers: Endgame,4
15,-1,-1,Avengers: Endgame,5 (Best)
16,-1,-1,Avengers: Endgame,Not Seen
17,-1,-1,Avengers: Endgame,4
18,-1,-1,Avengers: Endgame,4
19,-1,-1,Avengers: Endgame,3
20,-1,-1,Avengers: Endgame,3
21,-1,-1,Avengers: Endgame,5 (Best)
22,31,Female,Avengers: Endgame,Not Seen
23,23,Female,Avengers: Endgame,4
24,27,Female,Avengers: Endgame,Not Seen
25,23,Female,Avengers: Endgame,Not Seen
26,24,Female,Avengers: Endgame,Not Seen
27,22,Female,Avengers: Endgame,4
28,23,Female,Avengers: Endgame,5 (Best)
29,54,Male,Avengers: Endgame,5 (Best)
30,26,Female,Avengers: Endgame,Not Seen
31,24,Female,Avengers: Endgame,Not Seen
32,26,Male,Avengers: Endgame,Not Seen
33,26,Male,Avengers: Endgame,3
34,21,Female,Avengers: Endgame,2
35,25,Male,Avengers: Endgame,Not Seen
36,30,Male,Avengers: Endgame,4
37,55,Female,Avengers: Endgame,5 (Best)
38,26,Male,Avengers: Endgame,4
39,26,Female,Avengers: Endgame,4
40,22,Male,Avengers: Endgame,5 (Best)
41,32,Female,Avengers: Endgame,5 (Best)
42,23,Female,Avengers: Endgame,5 (Best)
43,27,Male,Avengers: Endgame,5 (Best)
44,34,Female,Avengers: Endgame,3
45,41,Female,Avengers: Endgame,5 (Best)
46,62,Female,Avengers: Endgame,2
47,36,Female,Avengers: Endgame,4
48,42,Female,Avengers: Endgame,5 (Best)
49,28,Female,Avengers: Endgame,Not Seen
50,39,Female,Avengers: Endgame,-1
51,27,Male,Avengers: Endgame,5 (Best)
52,21,Female,Avengers: Endgame,3
53,31,Female,Avengers: Endgame,Not Seen
54,27,Male,Avengers: Endgame,Not Seen
55,26,Female,Avengers: Endgame,4
56,30,Male,Avengers: Endgame,3
57,24,Female,Avengers: Endgame,2
58,51,Male,Avengers: Endgame,Not Seen
59,28,Male,Avengers: Endgame,Not Seen
60,42,Male,Avengers: Endgame,Not Seen
61,28,Male,Avengers: Endgame,Not Seen
62,38,Female,Avengers: Endgame,Not Seen
63,-1,Male,Avengers: Endgame,5 (Best)
64,27,Male,Avengers: Endgame,5 (Best)
65,32,Female,Avengers: Endgame,3
66,27,Female,Avengers: Endgame,Not Seen
67,30,Female,Avengers: Endgame,Not Seen
68,28,Male,Avengers: Endgame,5 (Best)
69,58,Female,Avengers: Endgame,Not Seen
70,44,Male,Avengers: Endgame,5 (Best)
71,33,Male,Avengers: Endgame,3
72,23,Male,Avengers: Endgame,5 (Best)
73,30,Female,Avengers: Endgame,5 (Best)
74,24,Female,Avengers: Endgame,4
75,23,Female,Avengers: Endgame,5 (Best)
76,20,Female,Avengers: Endgame,5 (Best)
77,-1,Male,Avengers: Endgame,3
78,27,Male,Avengers: Endgame,5 (Best)
79,27,Female,Avengers: Endgame,5 (Best)
80,29,Male,Avengers: Endgame,5 (Best)
81,43,Male,Avengers: Endgame,4
82,28,Female,Avengers: Endgame,4
83,24,Female,Avengers: Endgame,Not Seen
84,23,Male,Avengers: Endgame,Not Seen
1,-1,-1,Aladdin,5 (Best)
2,-1,-1,Aladdin,Not Seen
3,-1,-1,Aladdin,Not Seen
4,-1,-1,Aladdin,4
5,-1,-1,Aladdin,3
6,-1,-1,Aladdin,5 (Best)
7,-1,-1,Aladdin,Not Seen
8,-1,-1,Aladdin,2
9,-1,-1,Aladdin,3
10,-1,-1,Aladdin,5 (Best)
11,-1,-1,Aladdin,3
12,-1,-1,Aladdin,Not Seen
13,-1,-1,Aladdin,4
14,-1,-1,Aladdin,Not Seen
15,-1,-1,Aladdin,5 (Best)
16,-1,-1,Aladdin,4
17,-1,-1,Aladdin,Not Seen
18,-1,-1,Aladdin,5 (Best)
19,-1,-1,Aladdin,4
20,-1,-1,Aladdin,Not Seen
21,-1,-1,Aladdin,3
22,31,Female,Aladdin,3
23,23,Female,Aladdin,3
24,27,Female,Aladdin,3
25,23,Female,Aladdin,5 (Best)
26,24,Female,Aladdin,Not Seen
27,22,Female,Aladdin,Not Seen
28,23,Female,Aladdin,Not Seen
29,54,Male,Aladdin,Not Seen
30,26,Female,Aladdin,5 (Best)
31,24,Female,Aladdin,Not Seen
32,26,Male,Aladdin,Not Seen
33,26,Male,Aladdin,4
34,21,Female,Aladdin,-1
35,25,Male,Aladdin,Not Seen
36,30,Male,Aladdin,Not Seen
37,55,Female,Aladdin,5 (Best)
38,26,Male,Aladdin,3
39,26,Female,Aladdin,3
40,22,Male,Aladdin,Not Seen
41,32,Female,Aladdin,4
42,23,Female,Aladdin,1 (Worst)
43,27,Male,Aladdin,Not Seen
44,34,Female,Aladdin,4
45,41,Female,Aladdin,5 (Best)
46,62,Female,Aladdin,4
47,36,Female,Aladdin,4
48,42,Female,Aladdin,-1
49,28,Female,Aladdin,5 (Best)
50,39,Female,Aladdin,2
51,27,Male,Aladdin,5 (Best)
52,21,Female,Aladdin,Not Seen
53,31,Female,Aladdin,3
54,27,Male,Aladdin,3
55,26,Female,Aladdin,2
56,30,Male,Aladdin,Not Seen
57,24,Female,Aladdin,2
58,51,Male,Aladdin,Not Seen
59,28,Male,Aladdin,3
60,42,Male,Aladdin,2
61,28,Male,Aladdin,Not Seen
62,38,Female,Aladdin,3
63,-1,Male,Aladdin,1 (Worst)
64,27,Male,Aladdin,5 (Best)
65,32,Female,Aladdin,Not Seen
66,27,Female,Aladdin,5 (Best)
67,30,Female,Aladdin,4
68,28,Male,Aladdin,Not Seen
69,58,Female,Aladdin,3
70,44,Male,Aladdin,3
71,33,Male,Aladdin,3
72,23,Male,Aladdin,2
73,30,Female,Aladdin,3
74,24,Female,Aladdin,4
75,23,Female,Aladdin,Not Seen
76,20,Female,Aladdin,3
77,-1,Male,Aladdin,Not Seen
78,27,Male,Aladdin,5 (Best)
79,27,Female,Aladdin,3
80,29,Male,Aladdin,3
81,43,Male,Aladdin,3
82,28,Female,Aladdin,5 (Best)
83,24,Female,Aladdin,4
84,23,Male,Aladdin,4
1,-1,-1,Fighting with my Family,3
2,-1,-1,Fighting with my Family,Not Seen
3,-1,-1,Fighting with my Family,Not Seen
4,-1,-1,Fighting with my Family,Not Seen
5,-1,-1,Fighting with my Family,Not Seen
6,-1,-1,Fighting with my Family,Not Seen
7,-1,-1,Fighting with my Family,Not Seen
8,-1,-1,Fighting with my Family,Not Seen
9,-1,-1,Fighting with my Family,Not Seen
10,-1,-1,Fighting with my Family,Not Seen
11,-1,-1,Fighting with my Family,Not Seen
12,-1,-1,Fighting with my Family,Not Seen
13,-1,-1,Fighting with my Family,Not Seen
14,-1,-1,Fighting with my Family,Not Seen
15,-1,-1,Fighting with my Family,Not Seen
16,-1,-1,Fighting with my Family,Not Seen
17,-1,-1,Fighting with my Family,Not Seen
18,-1,-1,Fighting with my Family,Not Seen
19,-1,-1,Fighting with my Family,Not Seen
20,-1,-1,Fighting with my Family,Not Seen
21,-1,-1,Fighting with my Family,Not Seen
22,31,Female,Fighting with my Family,Not Seen
23,23,Female,Fighting with my Family,2
24,27,Female,Fighting with my Family,4
25,23,Female,Fighting with my Family,Not Seen
26,24,Female,Fighting with my Family,Not Seen
27,22,Female,Fighting with my Family,Not Seen
28,23,Female,Fighting with my Family,Not Seen
29,54,Male,Fighting with my Family,4
30,26,Female,Fighting with my Family,Not Seen
31,24,Female,Fighting with my Family,Not Seen
32,26,Male,Fighting with my Family,Not Seen
33,26,Male,Fighting with my Family,Not Seen
34,21,Female,Fighting with my Family,-1
35,25,Male,Fighting with my Family,Not Seen
36,30,Male,Fighting with my Family,Not Seen
37,55,Female,Fighting with my Family,Not Seen
38,26,Male,Fighting with my Family,Not Seen
39,26,Female,Fighting with my Family,3
40,22,Male,Fighting with my Family,Not Seen
41,32,Female,Fighting with my Family,Not Seen
42,23,Female,Fighting with my Family,1 (Worst)
43,27,Male,Fighting with my Family,Not Seen
44,34,Female,Fighting with my Family,Not Seen
45,41,Female,Fighting with my Family,Not Seen
46,62,Female,Fighting with my Family,3
47,36,Female,Fighting with my Family,Not Seen
48,42,Female,Fighting with my Family,Not Seen
49,28,Female,Fighting with my Family,Not Seen
50,39,Female,Fighting with my Family,Not Seen
51,27,Male,Fighting with my Family,Not Seen
52,21,Female,Fighting with my Family,Not Seen
53,31,Female,Fighting with my Family,Not Seen
54,27,Male,Fighting with my Family,Not Seen
55,26,Female,Fighting with my Family,Not Seen
56,30,Male,Fighting with my Family,Not Seen
57,24,Female,Fighting with my Family,Not Seen
58,51,Male,Fighting with my Family,Not Seen
59,28,Male,Fighting with my Family,Not Seen
60,42,Male,Fighting with my Family,Not Seen
61,28,Male,Fighting with my Family,Not Seen
62,38,Female,Fighting with my Family,Not Seen
63,-1,Male,Fighting with my Family,1 (Worst)
64,27,Male,Fighting with my Family,Not Seen
65,32,Female,Fighting with my Family,Not Seen
66,27,Female,Fighting with my Family,Not Seen
67,30,Female,Fighting with my Family,Not Seen
68,28,Male,Fighting with my Family,Not Seen
69,58,Female,Fighting with my Family,Not Seen
70,44,Male,Fighting with my Family,3
71,33,Male,Fighting with my Family,Not Seen
72,23,Male,Fighting with my Family,Not Seen
73,30,Female,Fighting with my Family,Not Seen
74,24,Female,Fighting with my Family,Not Seen
75,23,Female,Fighting with my Family,Not Seen
76,20,Female,Fighting with my Family,Not Seen
77,-1,Male,Fighting with my Family,Not Seen
78,27,Male,Fighting with my Family,4
79,27,Female,Fighting with my Family,Not Seen
80,29,Male,Fighting with my Family,Not Seen
81,43,Male,Fighting with my Family,Not Seen
82,28,Female,Fighting with my Family,Not Seen
83,24,Female,Fighting with my Family,5 (Best)
84,23,Male,Fighting with my Family,-1
1,-1,-1,Isn't It Romantic,4
2,-1,-1,Isn't It Romantic,Not Seen
3,-1,-1,Isn't It Romantic,Not Seen
4,-1,-1,Isn't It Romantic,Not Seen
5,-1,-1,Isn't It Romantic,4
6,-1,-1,Isn't It Romantic,Not Seen
7,-1,-1,Isn't It Romantic,Not Seen
8,-1,-1,Isn't It Romantic,Not Seen
9,-1,-1,Isn't It Romantic,Not Seen
10,-1,-1,Isn't It Romantic,Not Seen
11,-1,-1,Isn't It Romantic,Not Seen
12,-1,-1,Isn't It Romantic,Not Seen
13,-1,-1,Isn't It Romantic,Not Seen
14,-1,-1,Isn't It Romantic,Not Seen
15,-1,-1,Isn't It Romantic,Not Seen
16,-1,-1,Isn't It Romantic,Not Seen
17,-1,-1,Isn't It Romantic,Not Seen
18,-1,-1,Isn't It Romantic,Not Seen
19,-1,-1,Isn't It Romantic,Not Seen
20,-1,-1,Isn't It Romantic,3
21,-1,-1,Isn't It Romantic,Not Seen
22,31,Female,Isn't It Romantic,Not Seen
23,23,Female,Isn't It Romantic,3
24,27,Female,Isn't It Romantic,Not Seen
25,23,Female,Isn't It Romantic,Not Seen
26,24,Female,Isn't It Romantic,Not Seen
27,22,Female,Isn't It Romantic,Not Seen
28,23,Female,Isn't It Romantic,Not Seen
29,54,Male,Isn't It Romantic,Not Seen
30,26,Female,Isn't It Romantic,Not Seen
31,24,Female,Isn't It Romantic,Not Seen
32,26,Male,Isn't It Romantic,Not Seen
33,26,Male,Isn't It Romantic,Not Seen
34,21,Female,Isn't It Romantic,3
35,25,Male,Isn't It Romantic,Not Seen
36,30,Male,Isn't It Romantic,Not Seen
37,55,Female,Isn't It Romantic,Not Seen
38,26,Male,Isn't It Romantic,Not Seen
39,26,Female,Isn't It Romantic,Not Seen
40,22,Male,Isn't It Romantic,Not Seen
41,32,Female,Isn't It Romantic,Not Seen
42,23,Female,Isn't It Romantic,1 (Worst)
43,27,Male,Isn't It Romantic,Not Seen
44,34,Female,Isn't It Romantic,Not Seen
45,41,Female,Isn't It Romantic,Not Seen
46,62,Female,Isn't It Romantic,5 (Best)
47,36,Female,Isn't It Romantic,Not Seen
48,42,Female,Isn't It Romantic,Not Seen
49,28,Female,Isn't It Romantic,Not Seen
50,39,Female,Isn't It Romantic,Not Seen
51,27,Male,Isn't It Romantic,Not Seen
52,21,Female,Isn't It Romantic,Not Seen
53,31,Female,Isn't It Romantic,Not Seen
54,27,Male,Isn't It Romantic,Not Seen
55,26,Female,Isn't It Romantic,Not Seen
56,30,Male,Isn't It Romantic,Not Seen
57,24,Female,Isn't It Romantic,Not Seen
58,51,Male,Isn't It Romantic,Not Seen
59,28,Male,Isn't It Romantic,2
60,42,Male,Isn't It Romantic,Not Seen
61,28,Male,Isn't It Romantic,Not Seen
62,38,Female,Isn't It Romantic,Not Seen
63,-1,Male,Isn't It Romantic,1 (Worst)
64,27,Male,Isn't It Romantic,Not Seen
65,32,Female,Isn't It Romantic,Not Seen
66,27,Female,Isn't It Romantic,Not Seen
67,30,Female,Isn't It Romantic,Not Seen
68,28,Male,Isn't It Romantic,Not Seen
69,58,Female,Isn't It Romantic,Not Seen
70,44,Male,Isn't It Romantic,-1
71,33,Male,Isn't It Romantic,Not Seen
72,23,Male,Isn't It Romantic,Not Seen
73,30,Female,Isn't It Romantic,Not Seen
74,24,Female,Isn't It Romantic,5 (Best)
75,23,Female,Isn't It Romantic,Not Seen
76,20,Female,Isn't It Romantic,Not Seen
77,-1,Male,Isn't It Romantic,Not Seen
78,27,Male,Isn't It Romantic,3
79,27,Female,Isn't It Romantic,Not Seen
80,29,Male,Isn't It Romantic,Not Seen
81,43,Male,Isn't It Romantic,Not Seen
82,28,Female,Isn't It Romantic,4
83,24,Female,Isn't It Romantic,Not Seen
84,23,Male,Isn't It Romantic,Not Seen
1,-1,-1,Pet Sematary,Not Seen
2,-1,-1,Pet Sematary,Not Seen
3,-1,-1,Pet Sematary,Not Seen
4,-1,-1,Pet Sematary,Not Seen
5,-1,-1,Pet Sematary,3
6,-1,-1,Pet Sematary,Not Seen
7,-1,-1,Pet Sematary,Not Seen
8,-1,-1,Pet Sematary,Not Seen
9,-1,-1,Pet Sematary,1 (Worst)
10,-1,-1,Pet Sematary,Not Seen
11,-1,-1,Pet Sematary,3
12,-1,-1,Pet Sematary,Not Seen
13,-1,-1,Pet Sematary,Not Seen
14,-1,-1,Pet Sematary,Not Seen
15,-1,-1,Pet Sematary,2
16,-1,-1,Pet Sematary,3
17,-1,-1,Pet Sematary,Not Seen
18,-1,-1,Pet Sematary,Not Seen
19,-1,-1,Pet Sematary,Not Seen
20,-1,-1,Pet Sematary,3
21,-1,-1,Pet Sematary,Not Seen
22,31,Female,Pet Sematary,Not Seen
23,23,Female,Pet Sematary,5 (Best)
24,27,Female,Pet Sematary,Not Seen
25,23,Female,Pet Sematary,Not Seen
26,24,Female,Pet Sematary,4
27,22,Female,Pet Sematary,4
28,23,Female,Pet Sematary,Not Seen
29,54,Male,Pet Sematary,Not Seen
30,26,Female,Pet Sematary,Not Seen
31,24,Female,Pet Sematary,Not Seen
32,26,Male,Pet Sematary,Not Seen
33,26,Male,Pet Sematary,Not Seen
34,21,Female,Pet Sematary,5 (Best)
35,25,Male,Pet Sematary,Not Seen
36,30,Male,Pet Sematary,Not Seen
37,55,Female,Pet Sematary,Not Seen
38,26,Male,Pet Sematary,3
39,26,Female,Pet Sematary,Not Seen
40,22,Male,Pet Sematary,Not Seen
41,32,Female,Pet Sematary,Not Seen
42,23,Female,Pet Sematary,5 (Best)
43,27,Male,Pet Sematary,Not Seen
44,34,Female,Pet Sematary,Not Seen
45,41,Female,Pet Sematary,4
46,62,Female,Pet Sematary,4
47,36,Female,Pet Sematary,3
48,42,Female,Pet Sematary,3
49,28,Female,Pet Sematary,4
50,39,Female,Pet Sematary,2
51,27,Male,Pet Sematary,Not Seen
52,21,Female,Pet Sematary,Not Seen
53,31,Female,Pet Sematary,Not Seen
54,27,Male,Pet Sematary,Not Seen
55,26,Female,Pet Sematary,Not Seen
56,30,Male,Pet Sematary,Not Seen
57,24,Female,Pet Sematary,Not Seen
58,51,Male,Pet Sematary,Not Seen
59,28,Male,Pet Sematary,Not Seen
60,42,Male,Pet Sematary,3
61,28,Male,Pet Sematary,Not Seen
62,38,Female,Pet Sematary,4
63,-1,Male,Pet Sematary,1 (Worst)
64,27,Male,Pet Sematary,3
65,32,Female,Pet Sematary,Not Seen
66,27,Female,Pet Sematary,5 (Best)
67,30,Female,Pet Sematary,3
68,28,Male,Pet Sematary,Not Seen
69,58,Female,Pet Sematary,Not Seen
70,44,Male,Pet Sematary,Not Seen
71,33,Male,Pet Sematary,Not Seen
72,23,Male,Pet Sematary,3
73,30,Female,Pet Sematary,Not Seen
74,24,Female,Pet Sematary,4
75,23,Female,Pet Sematary,Not Seen
76,20,Female,Pet Sematary,Not Seen
77,-1,Male,Pet Sematary,Not Seen
78,27,Male,Pet Sematary,3
79,27,Female,Pet Sematary,Not Seen
80,29,Male,Pet Sematary,4
81,43,Male,Pet Sematary,3
82,28,Female,Pet Sematary,Not Seen
83,24,Female,Pet Sematary,Not Seen
84,23,Male,Pet Sematary,Not Seen
